{
  "FacturaCyC": {
    "FileHeader": {
      "SchemaVersion": "3.2.2",
      "Modality": "I",
      "InvoiceIssuerType": "TE",
      "ThirdParty": {
        "TaxIdentification": {
          "PersonTypeCode": "J",
          "ResidenceTypeCode": "R",
          "TaxIdentificationNumber": "T12345678"
        },
        "LegalEntity": {
          "CorporateName": "Third Party",
          "RegistrationData": {
            "Book": "14829/2001-12-26",
            "RegisterOfCompaniesLocation": "Madrid",
            "Sheet": "44",
            "Folio": "343",
            "Section": "3a",
            "Volume": "5895",
            "AdditionalRegistrationData": ""
          },
          "Address": {
            "Address": "Calle Third Party",
            "AdditionalAddress": "Edificio Portal Puerta",
            "PostCode": "1234567890",
            "Town": "Ciudad Third Party",
            "Province": "Provincia TP",
            "CountryCode": "ESP"
          },
          "ContactDetails": {
            "Telephone": "+34 12345678",
            "Telephone2": "+34 12345678",
            "WebAddress": "http://www.ThirdParty.com/",
            "ElectronicMail": "electronicMail@thirdparty.com",
            "ContactPersons": "Contacto Third Party"
          }
        }
      },
      "Batch": {
        "BatchIdentifier": "LOTE_202503210939-3d3",
        "InvoicesCount": 1,
        "TotalInvoicesAmount": { "TotalAmount": 110.0 },
        "TotalOutstandingAmount": { "TotalAmount": 100.0 },
        "TotalExecutableAmount": { "TotalAmount": 100.0 },
        "InvoiceCurrencyCode": "EUR"
      }
    },
    "Invoices": [
      {
        "Parties": {
          "SellerParty": {
            "TaxIdentification": {
              "PersonTypeCode": "J",
              "ResidenceTypeCode": "R",
              "TaxIdentificationNumber": "S12345678"
            },
            "LegalEntity": {
              "CorporateName": "SELLER PARTY 2, S.L",
              "RegistrationData": {
                "Book": "Registro Mercantil",
                "RegisterOfCompaniesLocation": "Ciudad",
                "Sheet": "99",
                "Folio": "999",
                "Section": "99",
                "Volume": "9999",
                "AdditionalRegistrationData": ""
              },
              "Address": {
                "Address": "Calle Seller Party",
                "AdditionalAddress": "Edificio Portal Puerta",
                "PostCode": "1234567890",
                "Town": "Ciudad Seller Party",
                "Province": "Provincia SP",
                "CountryCode": "ESP"
              },
              "ContactDetails": {
                "Telephone": "+34 12345678",
                "Telephone2": "+34 12345678",
                "ElectronicMail": "electronicMail@sellerparty2.com"
              }
            }
          },
          "BuyerParty": {
            "TaxIdentification": {
              "PersonTypeCode": "J",
              "ResidenceTypeCode": "R",
              "TaxIdentificationNumber": "W1111111A"
            },
            "LegalEntity": {
              "CorporateName": "Mobilize FS",
              "Address": {
                "Address": "Calle Principal",
                "AdditionalAddress": "Edificio Portal Puerta",
                "PostCode": "12345",
                "Town": "Ciudad",
                "Province": "Provincia",
                "CountryCode": "ESP"
              },
              "ContactDetails": {
                "Telephone": "+34 12345678"
              }
            }
          }
        },
        "Invoice": [
          {
            "InvoiceHeader": {
              "InvoiceNumber": "FACTURA_4",
              "InvoiceDocumentType": "FC",
              "InvoiceClass": "OO"
            },
            "InvoiceIssueData": {
              "IssueDate": "2025-03-03T00:00:00",
              "InvoiceCurrencyCode": "EUR",
              "TaxCurrencyCode": "EUR",
              "LanguageName": "es"
            },
            "TaxesOutputs": [
              {
                "Tax": {
                  "TaxTypeCode": "01",
                  "TaxRate": 10.0,
                  "TaxableBase": { "TotalAmount": 100.0 },
                  "TaxAmount": { "TotalAmount": 17.0 }
                }
              }
            ],
            "InvoiceTotals": {
              "TotalGrossAmount": 100.0,
              "TotalGrossAmountBeforeTaxes": 100.0,
              "TotalTaxOutputs": 10.0,
              "TotalTaxesWithheld": 0.0,
              "InvoiceTotal": 187.0,
              "TotalOutstandingAmount": 100.0,
              "TotalExecutableAmount": 100.0
            },
            "Items": [
              {
                "InvoiceLine": {
                  "SequenceNumber": 1,
                  "ItemDescription": "Item 2",
                  "Quantity": 1,
                  "UnitOfMeasure": "01",
                  "UnitPriceWithoutTax": 100.0,
                  "TotalCost": 100.0,
                  "GrossAmount": 100.0,
                  "TaxesOutputs": [
                    {
                      "Tax": {
                        "TaxTypeCode": "01",
                        "TaxRate": 10.0,
                        "TaxableBase": {
                          "TotalAmount": 100.0
                        },
                        "TaxAmount": {
                          "TotalAmount": 10.0
                        }
                      }
                    }
                  ]
                }
              },
              {
                "InvoiceLine": {
                  "SequenceNumber": 2,
                  "ItemDescription": "Item 3",
                  "Quantity": 1,
                  "UnitOfMeasure": "01",
                  "UnitPriceWithoutTax": 70.0,
                  "TotalCost": 70.0,
                  "GrossAmount": 70.0,
                  "TaxesOutputs": [
                    {
                      "Tax": {
                        "TaxTypeCode": "01",
                        "TaxRate": 10.0,
                        "TaxableBase": {
                          "TotalAmount": 70.0
                        },
                        "TaxAmount": {
                          "TotalAmount": 7.0
                        }
                      }
                    }
                  ]
                }
              }
            ]
          }
        ]
      }
    ]
  }
}
