{
  "FacturaCyC": {
    "FileHeader": {
      "SchemaVersion": "3.2.2",
      "Modality": "I",
      "InvoiceIssuerType": "RE",
      "Batch": {
        "BatchIdentifier": "LOTE_202503210939-1d3",
        "InvoicesCount": 1,
        "TotalInvoicesAmount": { "TotalAmount": 89.1 },
        "TotalOutstandingAmount": { "TotalAmount": 89.1 },
        "TotalExecutableAmount": { "TotalAmount": 89.1 },
        "InvoiceCurrencyCode": "EUR"
      }
    },
    "Invoices": [
      {
        "Parties": {
          "SellerParty": {
            "TaxIdentification": {
              "PersonTypeCode": "J",
              "ResidenceTypeCode": "R",
              "TaxIdentificationNumber": "S12345678"
            },
            "LegalEntity": {
              "CorporateName": "SELLER PARTY, S.L",
              "RegistrationData": {
                "Book": "Registro Mercantil",
                "RegisterOfCompaniesLocation": "Ciudad",
                "Sheet": "44",
                "Folio": "343",
                "Section": "3a",
                "Volume": "5895",
                "AdditionalRegistrationData": ""
              },
              "Address": {
                "Address": "Calle Seller Party",
                "AdditionalAddress": "Edificio Portal Puerta",
                "PostCode": "12345",
                "Town": "Ciudad Seller Party",
                "Province": "Provincia SP",
                "CountryCode": "ESP"
              },
              "ContactDetails": {
                "Telephone": "+34 12345678",
                "Telephone2": "+34 12345678",
                "ElectronicMail": "electronicMail@sellerparty.com"
              }
            }
          },
          "BuyerParty": {
            "TaxIdentification": {
              "PersonTypeCode": "J",
              "ResidenceTypeCode": "R",
              "TaxIdentificationNumber": "W1111111A"
            },
            "LegalEntity": {
              "CorporateName": "Mobilize FS",
              "Address": {
                "Address": "Calle Principal",
                "AdditionalAddress": "Edificio Portal Puerta",
                "PostCode": "12345",
                "Town": "Ciudad",
                "Province": "Provincia",
                "CountryCode": "ESP"
              },
              "ContactDetails": {
                "Telephone": "+34 12345678"
              }
            }
          }
        },
        "Invoice": [
          {
            "InvoiceHeader": {
              "InvoiceNumber": "FACTURA_1",
              "InvoiceDocumentType": "FC",
              "InvoiceClass": "OO"
            },
            "InvoiceIssueData": {
              "IssueDate": "2025-03-03T00:00:00",
              "InvoiceCurrencyCode": "EUR",
              "TaxCurrencyCode": "EUR",
              "LanguageName": "es"
            },
            "TaxesOutputs": [
              {
                "Tax": {
                  "TaxTypeCode": "01",
                  "TaxRate": 10.0,
                  "TaxableBase": { "TotalAmount": 81.0 },
                  "TaxAmount": { "TotalAmount": 8.1 }
                }
              }
            ],
            "InvoiceTotals": {
              "TotalGrossAmount": 81.0,
              "TotalGrossAmountBeforeTaxes": 81.0,
              "TotalTaxOutputs": 8.1,
              "TotalTaxesWithheld": 0.0,
              "InvoiceTotal": 89.1,
              "TotalOutstandingAmount": 89.1,
              "TotalExecutableAmount": 89.1
            },
            "Items": [
              {
                "InvoiceLine": {
                  "SequenceNumber": 1,
                  "ItemDescription": "Item 1",
                  "Quantity": 1,
                  "UnitOfMeasure": "01",
                  "UnitPriceWithoutTax": 81.0,
                  "TotalCost": 81.0,
                  "GrossAmount": 81.0,
                  "TaxesOutputs": [
                    {
                      "Tax": {
                        "TaxTypeCode": "01",
                        "TaxRate": 10.0,
                        "TaxableBase": {
                          "TotalAmount": 81.0
                        },
                        "TaxAmount": {
                          "TotalAmount": 9.1
                        }
                      }
                    }
                  ]
                }
              }
            ]
          }
        ]
      }
    ]
  }
}
