{
  "FacturaCyC": {
    "FileHeader": {
      "SchemaVersion": "3.2.2",
      "Modality": "L",
      "InvoiceIssuerType": "RE",
      "Batch": {
        "BatchIdentifier": "LOTE_202503210939-2d3",
        "InvoicesCount": 2,
        "TotalInvoicesAmount": { "TotalAmount": 1187.0 },
        "TotalOutstandingAmount": { "TotalAmount": 1187.0 },
        "TotalExecutableAmount": { "TotalAmount": 1187.0 },
        "InvoiceCurrencyCode": "EUR"
      }
    },
    "Invoices": [
      {
        "Parties": {
          "SellerParty": {
            "TaxIdentification": {
              "PersonTypeCode": "J",
              "ResidenceTypeCode": "R",
              "TaxIdentificationNumber": "S12345678"
            },
            "LegalEntity": {
              "CorporateName": "SELLER PARTY 2, S.L",
              "Address": {
                "Address": "Calle Seller Party 2",
                "AdditionalAddress": "Edificio Portal Puerta",
                "PostCode": "56485",
                "Town": "Ciudad Seller Party 2",
                "Province": "Provincia SP2",
                "CountryCode": "ESP"
              }
            }
          },
          "BuyerParty": {
            "TaxIdentification": {
              "PersonTypeCode": "J",
              "ResidenceTypeCode": "R",
              "TaxIdentificationNumber": "W1111111A"
            },
            "LegalEntity": {
              "CorporateName": "Mobilize FS",
              "Address": {
                "Address": "Calle Principal",
                "AdditionalAddress": "Edificio Portal Puerta",
                "PostCode": "12345",
                "Town": "Ciudad",
                "Province": "Provincia",
                "CountryCode": "ESP"
              }
            }
          }
        },
        "Invoice": [
          {
            "InvoiceHeader": {
              "InvoiceNumber": "FACTURA_2",
              "InvoiceDocumentType": "FC",
              "InvoiceClass": "OO"
            },
            "InvoiceIssueData": {
              "IssueDate": "2025-03-03T00:00:00",
              "InvoiceCurrencyCode": "EUR",
              "TaxCurrencyCode": "EUR",
              "LanguageName": "es"
            },
            "TaxesOutputs": [
              {
                "Tax": {
                  "TaxTypeCode": "01",
                  "TaxRate": 10.0,
                  "TaxableBase": { "TotalAmount": 100.0 },
                  "TaxAmount": { "TotalAmount": 17.0 }
                }
              }
            ],
            "InvoiceTotals": {
              "TotalGrossAmount": 100.0,
              "TotalGrossAmountBeforeTaxes": 100.0,
              "TotalTaxOutputs": 10.0,
              "TotalTaxesWithheld": 0.0,
              "InvoiceTotal": 187.0,
              "TotalOutstandingAmount": 100.0,
              "TotalExecutableAmount": 100.0
            },
            "Items": [
              {
                "InvoiceLine": {
                  "ItemDescription": "Item 1",
                  "Quantity": 1,
                  "UnitOfMeasure": "01",
                  "UnitPriceWithoutTax": 100.0,
                  "TotalCost": 100.0,
                  "GrossAmount": 100.0,
                  "TaxesOutputs": [
                    {
                      "Tax": {
                        "TaxTypeCode": "01",
                        "TaxRate": 10.0,
                        "TaxableBase": {
                          "TotalAmount": 100.0
                        },
                        "TaxAmount": {
                          "TotalAmount": 10.0
                        }
                      }
                    }
                  ]
                }
              }
            ]
          }
        ]
      },
      {
        "Parties": {
          "SellerParty": {
            "TaxIdentification": {
              "PersonTypeCode": "J",
              "ResidenceTypeCode": "R",
              "TaxIdentificationNumber": "S12345678"
            },
            "LegalEntity": {
              "CorporateName": "SELLER PARTY 2, S.L",
              "TradeName": "SELLER PARTY 2, S.L",
              "RegistrationData": {
                "Book": "14829/2001-12-26",
                "RegisterOfCompaniesLocation": "Madrid",
                "Sheet": "44",
                "Folio": "343",
                "Section": "3a",
                "Volume": "5895",
                "AdditionalRegistrationData": ""
              },
              "Address": {
                "Address": "Calle Seller Party 2",
                "AdditionalAddress": "Edificio Portal Puerta",
                "PostCode": "56485",
                "Town": "Ciudad Seller Party 2",
                "Province": "Provincia SP2",
                "CountryCode": "ESP"
              },
              "ContactDetails": {
                "Telephone": "+34 12345678",
                "Telephone2": "+34 12345678",
                "WebAddress": "http://www.SellerParty.com/",
                "ElectronicMail": "electronicMail@sellerparty.com",
                "ContactPersons": "Contacto Seller Party"
              }
            }
          },
          "BuyerParty": {
            "TaxIdentification": {
              "PersonTypeCode": "J",
              "ResidenceTypeCode": "R",
              "TaxIdentificationNumber": "W1111111A"
            },
            "LegalEntity": {
              "CorporateName": "Mobilize FS",
              "Address": {
                "Address": "Calle Principal",
                "AdditionalAddress": "Edificio Portal Puerta",
                "PostCode": "12345",
                "Town": "Ciudad",
                "Province": "Provincia",
                "CountryCode": "ESP"
              },
              "ContactDetails": {
                "Telephone": "+34 12345678",
                "Telephone2": "+34 12345678",
                "WebAddress": "http://www.BuyerParty.com/",
                "ElectronicMail": "electronicMail@buyerparty.com",
                "ContactPersons": "Contacto Buyer Party"
              }
            }
          }
        },
        "Invoice": [
          {
            "InvoiceHeader": {
              "InvoiceNumber": "FACTURA_2",
              "InvoiceDocumentType": "FC",
              "InvoiceClass": "OO"
            },
            "InvoiceIssueData": {
              "IssueDate": "2025-03-03T00:00:00",
              "InvoiceCurrencyCode": "EUR",
              "TaxCurrencyCode": "EUR",
              "LanguageName": "es"
            },
            "TaxesOutputs": [
              {
                "Tax": {
                  "TaxTypeCode": "01",
                  "TaxRate": 10.0,
                  "TaxableBase": { "TotalAmount": 100.0 },
                  "TaxAmount": { "TotalAmount": 17.0 }
                }
              }
            ],
            "InvoiceTotals": {
              "TotalGrossAmount": 1100.0,
              "GeneralDiscounts": [
                {
                  "Discount": {
                    "DiscountReason": "Descuento General",
                    "DiscountAmount": 200
                  }
                }
              ],
              "GeneralSurcharges": [
                {
                  "Charge": {
                    "ChargeReason": "Cargo General",
                    "ChargeAmount": 100
                  }
                }
              ],
              "TotalGeneralDiscounts": 200.0,
              "TotalGeneralSurcharges": 100.0,
              "TotalGrossAmountBeforeTaxes": 1000.0,
              "TotalTaxOutputs": 100.0,
              "TotalTaxesWithheld": 0.0,
              "InvoiceTotal": 1000.0,
              "TotalOutstandingAmount": 1000.0,
              "TotalExecutableAmount": 1000.0
            },
            "Items": [
              {
                "InvoiceLine": {
                  "ItemDescription": "Item 1",
                  "Quantity": 1,
                  "UnitOfMeasure": "01",
                  "UnitPriceWithoutTax": 1000.0,
                  "TotalCost": 1000.0,
                  "GrossAmount": 1000.0,
                  "TaxesOutputs": [
                    {
                      "Tax": {
                        "TaxTypeCode": "01",
                        "TaxRate": 10.0,
                        "TaxableBase": {
                          "TotalAmount": 1000.0
                        },
                        "TaxAmount": {
                          "TotalAmount": 100.0
                        }
                      }
                    }
                  ]
                }
              }
            ]
          }
        ]
      }
    ]
  }
}
